file,column,inferred_type,description,unit_or_format,missing_value_note,non_null_count,example
data/core/nation_exposure_enriched.csv,country_code,sc:Text,ISO-3 country or economy code.,ISO-3 text code,Missing only where a row is not country-specific.,141,LUX
data/core/nation_exposure_enriched.csv,country_name,sc:Text,Country or economy name used in the analysis.,text,Missing only where a row is not country-specific.,141,Luxembourg
data/core/nation_exposure_enriched.csv,weighted_exposure,sc:Float,National AI exposure score computed from occupational employment shares and ISCO exposure scores.,unitless share-like score,No missing values in the main measured exposure panel.,141,0.3715
data/core/nation_exposure_enriched.csv,n_occupations,sc:Integer,Released analysis column `n_occupations`; see the table description for context.,source-specific,Blank cells denote unavailable or not-applicable values.,141,36
data/core/nation_exposure_enriched.csv,employment_coverage,sc:Float,Share of relevant employment covered by measured 2-digit ISCO occupational rows.,proportion,No missing values in the main measured exposure panel.,141,0.973
data/core/nation_exposure_enriched.csv,nec_share,sc:Float,Share of employment in not-elsewhere-classified occupational rows.,proportion,No missing values in the main measured exposure panel.,141,0.025
data/core/nation_exposure_enriched.csv,reliability,sc:Text,"Project reliability category based on coverage, NEC share, occupation count, and unreliable cells.",categorical text,No missing values in released core panel.,141,high
data/core/nation_exposure_enriched.csv,gni_ppp,sc:Float,"World Bank GNI per capita, PPP-adjusted.",current international dollars,Missing when WDI GNI PPP is unavailable.,135,110650.0
data/core/nation_exposure_enriched.csv,gni_year,sc:Float,Year of the GNI per capita PPP observation.,year,Missing when GNI PPP is unavailable.,135,2024.0
data/core/nation_exposure_enriched.csv,labsh,sc:Float,ILO labor share of GDP.,proportion,Missing where ILO labor share is unavailable.,130,0.52887
data/core/nation_exposure_enriched.csv,capital_share,sc:Float,Released analysis column `capital_share`; see the table description for context.,source-specific,Blank cells denote unavailable or not-applicable values.,130,0.47113
data/core/nation_exposure_enriched.csv,labsh_year,sc:Float,Released analysis column `labsh_year`; see the table description for context.,source-specific,Blank cells denote unavailable or not-applicable values.,130,2026.0
data/core/nation_exposure_enriched.csv,wage_weighted_exposure,sc:Float,National exposure weighted by available occupational wage data.,unitless share-like score,Missing for countries without suitable occupational wage data.,116,0.3978
data/core/nation_exposure_enriched.csv,exposed_wage_bill,sc:Float,Released analysis column `exposed_wage_bill`; see the table description for context.,source-specific,Blank cells denote unavailable or not-applicable values.,116,3767.7
data/core/nation_exposure_enriched.csv,wage_data_year,sc:Float,Released analysis column `wage_data_year`; see the table description for context.,source-specific,Blank cells denote unavailable or not-applicable values.,116,2024.0
data/core/nation_exposure_enriched.csv,quadrant,sc:Text,Released analysis column `quadrant`; see the table description for context.,source-specific,Blank cells denote unavailable or not-applicable values.,130,High Exposure + High Labor Share
data/core/nation_exposure_enriched.csv,labor_dependence,sc:Float,Released analysis column `labor_dependence`; see the table description for context.,source-specific,Blank cells denote unavailable or not-applicable values.,130,0.1964752049999999
data/core/nation_exposure_enriched.csv,wc_share,sc:Float,Share of employment in the project's baseline white-collar occupation grouping.,proportion,No missing values where occupation composition is measured.,141,0.7433635057060991
data/core/nation_exposure_enriched.csv,wc_exposure,sc:Float,Average exposure among white-collar occupations within the country.,unitless share-like score,Missing if white-collar occupational composition is unavailable.,141,0.4351364703798875
data/core/nation_exposure_enriched.csv,bc_exposure,sc:Float,Average exposure among blue-collar occupations within the country.,unitless share-like score,Missing if blue-collar occupational composition is unavailable.,141,0.1870971829497697
data/core/nation_exposure_enriched.csv,exposure_residual_wc,sc:Float,Released analysis column `exposure_residual_wc`; see the table description for context.,source-specific,Blank cells denote unavailable or not-applicable values.,141,0.0084372191704084
data/core/nation_exposure_enriched.csv,wc_avg_wage,sc:Float,Average monthly white-collar wage in PPP-adjusted US dollars where ILO wage data are available.,PPP-adjusted monthly US dollars,Missing for countries without suitable occupational wage data.,117,10928.328775108836
data/core/nation_exposure_enriched.csv,bc_avg_wage,sc:Float,Average monthly blue-collar wage in PPP-adjusted US dollars where ILO wage data are available.,PPP-adjusted monthly US dollars,Missing for countries without suitable occupational wage data.,117,5251.543725178949
data/core/nation_exposure_enriched.csv,wage_ratio,sc:Float,Released analysis column `wage_ratio`; see the table description for context.,source-specific,Blank cells denote unavailable or not-applicable values.,117,2.08097453758446
data/core/nation_exposure_enriched.csv,wc_wage_bill_share,sc:Float,Estimated white-collar share of the wage bill where ILO wage data are available.,proportion,Missing for countries without suitable occupational wage data.,117,0.8577053615790928
data/core/nation_exposure_enriched.csv,total_employment_k,sc:Float,Measured total employment represented in the exposure panel.,thousands of workers,No missing values in the main measured exposure panel.,141,315.2
data/core/nation_exposure_enriched.csv,is_microstate,sc:Boolean,Released analysis column `is_microstate`; see the table description for context.,source-specific,Blank cells denote unavailable or not-applicable values.,141,False
data/core/nation_exposure_enriched.csv,has_occupation_gap,sc:Boolean,Released analysis column `has_occupation_gap`; see the table description for context.,source-specific,Blank cells denote unavailable or not-applicable values.,141,False
data/core/nation_exposure_enriched.csv,stale_wage_data,sc:Boolean,Released analysis column `stale_wage_data`; see the table description for context.,source-specific,Blank cells denote unavailable or not-applicable values.,141,False
data/core/nation_exposure_enriched.csv,suspicious_wage_ratio,sc:Boolean,Released analysis column `suspicious_wage_ratio`; see the table description for context.,source-specific,Blank cells denote unavailable or not-applicable values.,141,False
data/core/nation_exposure_enriched.csv,data_quality_flags,sc:Integer,Released analysis column `data_quality_flags`; see the table description for context.,source-specific,Blank cells denote unavailable or not-applicable values.,141,0
data/core/nation_exposure_by_sex.csv,country_code,sc:Text,ISO-3 country or economy code.,ISO-3 text code,Missing only where a row is not country-specific.,441,AFG
data/core/nation_exposure_by_sex.csv,country_name,sc:Text,Country or economy name used in the analysis.,text,Missing only where a row is not country-specific.,441,Afghanistan
data/core/nation_exposure_by_sex.csv,sex,sc:Text,Released analysis column `sex`; see the table description for context.,source-specific,Blank cells denote unavailable or not-applicable values.,441,Female
data/core/nation_exposure_by_sex.csv,year,sc:Integer,Released analysis column `year`; see the table description for context.,source-specific,Blank cells denote unavailable or not-applicable values.,441,2021
data/core/nation_exposure_by_sex.csv,weighted_exposure,sc:Float,National AI exposure score computed from occupational employment shares and ISCO exposure scores.,unitless share-like score,No missing values in the main measured exposure panel.,441,0.1486
data/core/nation_exposure_by_sex.csv,n_occupations,sc:Integer,Released analysis column `n_occupations`; see the table description for context.,source-specific,Blank cells denote unavailable or not-applicable values.,441,14
data/core/nation_exposure_by_sex.csv,total_employment_k,sc:Float,Measured total employment represented in the exposure panel.,thousands of workers,No missing values in the main measured exposure panel.,441,1682.6
data/core/nation_exposure_by_sex.csv,employment_coverage,sc:Float,Share of relevant employment covered by measured 2-digit ISCO occupational rows.,proportion,No missing values in the main measured exposure panel.,441,0.92
data/core/nation_exposure_by_sex.csv,nec_share,sc:Float,Share of employment in not-elsewhere-classified occupational rows.,proportion,No missing values in the main measured exposure panel.,441,0.075
data/core/nation_exposure_by_sex.csv,isco_version,sc:Text,Released analysis column `isco_version`; see the table description for context.,source-specific,Blank cells denote unavailable or not-applicable values.,441,ISCO-08
data/core/nation_exposure_by_sex.csv,n_unreliable_cells,sc:Integer,Released analysis column `n_unreliable_cells`; see the table description for context.,source-specific,Blank cells denote unavailable or not-applicable values.,441,6
data/core/nation_exposure_by_sex.csv,reliability,sc:Text,"Project reliability category based on coverage, NEC share, occupation count, and unreliable cells.",categorical text,No missing values in released core panel.,441,medium
data/core/isco2_exposure_scores.csv,isco08_2d,sc:Integer,Released analysis column `isco08_2d`; see the table description for context.,source-specific,Blank cells denote unavailable or not-applicable values.,40,11
data/core/isco2_exposure_scores.csv,exposure_score,sc:Float,Released analysis column `exposure_score`; see the table description for context.,source-specific,Blank cells denote unavailable or not-applicable values.,40,0.3339999999999999
data/core/isco2_exposure_scores.csv,n_4digit_occs,sc:Integer,Released analysis column `n_4digit_occs`; see the table description for context.,source-specific,Blank cells denote unavailable or not-applicable values.,40,5
data/core/isco2_exposure_scores.csv,description_2d,sc:Text,Released analysis column `description_2d`; see the table description for context.,source-specific,Blank cells denote unavailable or not-applicable values.,40,"Chief executives, senior officials and legislators"
data/mechanisms/gender_gap.csv,country_code,sc:Text,ISO-3 country or economy code.,ISO-3 text code,Missing only where a row is not country-specific.,147,PLW
data/mechanisms/gender_gap.csv,country_name,sc:Text,Country or economy name used in the analysis.,text,Missing only where a row is not country-specific.,147,Palau
data/mechanisms/gender_gap.csv,male_exposure,sc:Float,Released analysis column `male_exposure`; see the table description for context.,source-specific,Blank cells denote unavailable or not-applicable values.,147,0.2521
data/mechanisms/gender_gap.csv,female_exposure,sc:Float,Released analysis column `female_exposure`; see the table description for context.,source-specific,Blank cells denote unavailable or not-applicable values.,147,0.3587
data/mechanisms/gender_gap.csv,total_exposure,sc:Float,Released analysis column `total_exposure`; see the table description for context.,source-specific,Blank cells denote unavailable or not-applicable values.,147,0.2949
data/mechanisms/gender_gap.csv,male_reliability,sc:Text,Released analysis column `male_reliability`; see the table description for context.,source-specific,Blank cells denote unavailable or not-applicable values.,147,high
data/mechanisms/gender_gap.csv,female_reliability,sc:Text,Released analysis column `female_reliability`; see the table description for context.,source-specific,Blank cells denote unavailable or not-applicable values.,147,high
data/mechanisms/gender_gap.csv,gender_gap,sc:Float,Released analysis column `gender_gap`; see the table description for context.,source-specific,Blank cells denote unavailable or not-applicable values.,147,0.1066
data/mechanisms/gender_gap.csv,relative_gender_gap,sc:Float,Released analysis column `relative_gender_gap`; see the table description for context.,source-specific,Blank cells denote unavailable or not-applicable values.,147,0.3614784672770432
data/mechanisms/gender_gap.csv,reliable,sc:Boolean,Released analysis column `reliable`; see the table description for context.,source-specific,Blank cells denote unavailable or not-applicable values.,147,True
data/mechanisms/gender_wc_decomposition.csv,country_code,sc:Text,ISO-3 country or economy code.,ISO-3 text code,Missing only where a row is not country-specific.,134,JOR
data/mechanisms/gender_wc_decomposition.csv,country_name,sc:Text,Country or economy name used in the analysis.,text,Missing only where a row is not country-specific.,134,Jordan
data/mechanisms/gender_wc_decomposition.csv,wc_share_M,sc:Float,Released analysis column `wc_share_M`; see the table description for context.,source-specific,Blank cells denote unavailable or not-applicable values.,134,0.1915949900792563
data/mechanisms/gender_wc_decomposition.csv,wc_share_F,sc:Float,Released analysis column `wc_share_F`; see the table description for context.,source-specific,Blank cells denote unavailable or not-applicable values.,134,0.5247677131339463
data/mechanisms/gender_wc_decomposition.csv,wc_share_T,sc:Float,Released analysis column `wc_share_T`; see the table description for context.,source-specific,Blank cells denote unavailable or not-applicable values.,134,0.2485889021598884
data/mechanisms/gender_wc_decomposition.csv,wc_gap,sc:Float,Released analysis column `wc_gap`; see the table description for context.,source-specific,Blank cells denote unavailable or not-applicable values.,134,0.3331727230546899
data/mechanisms/gender_wc_decomposition.csv,gender_gap,sc:Float,Released analysis column `gender_gap`; see the table description for context.,source-specific,Blank cells denote unavailable or not-applicable values.,134,0.0235
data/mechanisms/gender_wc_decomposition.csv,predicted_gg,sc:Float,Released analysis column `predicted_gg`; see the table description for context.,source-specific,Blank cells denote unavailable or not-applicable values.,134,0.08377437327534
data/mechanisms/gender_wc_decomposition.csv,residual,sc:Float,Released analysis column `residual`; see the table description for context.,source-specific,Blank cells denote unavailable or not-applicable values.,134,-0.06027437327534
data/mechanisms/gender_wc_decomposition.csv,abs_residual,sc:Float,Released analysis column `abs_residual`; see the table description for context.,source-specific,Blank cells denote unavailable or not-applicable values.,134,0.06027437327534
data/mechanisms/gender_wcs_decomposition.csv,country_code,sc:Text,ISO-3 country or economy code.,ISO-3 text code,Missing only where a row is not country-specific.,132,AFG
data/mechanisms/gender_wcs_decomposition.csv,wc_share_M,sc:Float,Released analysis column `wc_share_M`; see the table description for context.,source-specific,Blank cells denote unavailable or not-applicable values.,132,0.0985842248277987
data/mechanisms/gender_wcs_decomposition.csv,wc_share_F,sc:Float,Released analysis column `wc_share_F`; see the table description for context.,source-specific,Blank cells denote unavailable or not-applicable values.,132,0.0333240617912619
data/mechanisms/gender_wcs_decomposition.csv,wcs_share_M,sc:Float,Released analysis column `wcs_share_M`; see the table description for context.,source-specific,Blank cells denote unavailable or not-applicable values.,132,0.2217389870337966
data/mechanisms/gender_wcs_decomposition.csv,wcs_share_F,sc:Float,Released analysis column `wcs_share_F`; see the table description for context.,source-specific,Blank cells denote unavailable or not-applicable values.,132,0.0405404120368389
data/mechanisms/gender_wcs_decomposition.csv,sales_share_M,sc:Float,Released analysis column `sales_share_M`; see the table description for context.,source-specific,Blank cells denote unavailable or not-applicable values.,132,0.1231547622059979
data/mechanisms/gender_wcs_decomposition.csv,sales_share_F,sc:Float,Released analysis column `sales_share_F`; see the table description for context.,source-specific,Blank cells denote unavailable or not-applicable values.,132,0.0072163502455769
data/mechanisms/gender_wcs_decomposition.csv,wc_avg_exp,sc:Float,Released analysis column `wc_avg_exp`; see the table description for context.,source-specific,Blank cells denote unavailable or not-applicable values.,132,0.3621177957803403
data/mechanisms/gender_wcs_decomposition.csv,bc_avg_exp,sc:Float,Released analysis column `bc_avg_exp`; see the table description for context.,source-specific,Blank cells denote unavailable or not-applicable values.,132,0.1727982582050594
data/mechanisms/gender_wcs_decomposition.csv,wcs_avg_exp,sc:Float,Released analysis column `wcs_avg_exp`; see the table description for context.,source-specific,Blank cells denote unavailable or not-applicable values.,132,0.3623217762601311
data/mechanisms/gender_wcs_decomposition.csv,bcs_avg_exp,sc:Float,Released analysis column `bcs_avg_exp`; see the table description for context.,source-specific,Blank cells denote unavailable or not-applicable values.,132,0.1495838996084604
data/mechanisms/gender_wcs_decomposition.csv,wc_gap,sc:Float,Released analysis column `wc_gap`; see the table description for context.,source-specific,Blank cells denote unavailable or not-applicable values.,132,-0.0652601630365367
data/mechanisms/gender_wcs_decomposition.csv,wc_exposure_spread,sc:Float,Released analysis column `wc_exposure_spread`; see the table description for context.,source-specific,Blank cells denote unavailable or not-applicable values.,132,0.1893195375752809
data/mechanisms/gender_wcs_decomposition.csv,predicted_wc,sc:Float,Released analysis column `predicted_wc`; see the table description for context.,source-specific,Blank cells denote unavailable or not-applicable values.,132,-0.0123550238881645
data/mechanisms/gender_wcs_decomposition.csv,wcs_gap,sc:Float,Released analysis column `wcs_gap`; see the table description for context.,source-specific,Blank cells denote unavailable or not-applicable values.,132,-0.1811985749969577
data/mechanisms/gender_wcs_decomposition.csv,wcs_exposure_spread,sc:Float,Released analysis column `wcs_exposure_spread`; see the table description for context.,source-specific,Blank cells denote unavailable or not-applicable values.,132,0.2127378766516707
data/mechanisms/gender_wcs_decomposition.csv,predicted_wcs,sc:Float,Released analysis column `predicted_wcs`; see the table description for context.,source-specific,Blank cells denote unavailable or not-applicable values.,132,-0.0385478000971613
data/mechanisms/gender_wcs_decomposition.csv,country_name,sc:Text,Country or economy name used in the analysis.,text,Missing only where a row is not country-specific.,132,Afghanistan
data/mechanisms/gender_wcs_decomposition.csv,gender_gap,sc:Float,Released analysis column `gender_gap`; see the table description for context.,source-specific,Blank cells denote unavailable or not-applicable values.,132,-0.0529
data/mechanisms/gender_wcs_decomposition.csv,residual_wc,sc:Float,Released analysis column `residual_wc`; see the table description for context.,source-specific,Blank cells denote unavailable or not-applicable values.,132,-0.0405449761118354
data/mechanisms/gender_wcs_decomposition.csv,residual_wcs,sc:Float,Released analysis column `residual_wcs`; see the table description for context.,source-specific,Blank cells denote unavailable or not-applicable values.,132,-0.0143521999028387
data/mechanisms/white_collar_analysis.csv,country_code,sc:Text,ISO-3 country or economy code.,ISO-3 text code,Missing only where a row is not country-specific.,141,LUX
data/mechanisms/white_collar_analysis.csv,country_name,sc:Text,Country or economy name used in the analysis.,text,Missing only where a row is not country-specific.,141,Luxembourg
data/mechanisms/white_collar_analysis.csv,weighted_exposure,sc:Float,National AI exposure score computed from occupational employment shares and ISCO exposure scores.,unitless share-like score,No missing values in the main measured exposure panel.,141,0.3715
data/mechanisms/white_collar_analysis.csv,wc_share,sc:Float,Share of employment in the project's baseline white-collar occupation grouping.,proportion,No missing values where occupation composition is measured.,141,0.7433635057060991
data/mechanisms/white_collar_analysis.csv,wc_exposure,sc:Float,Average exposure among white-collar occupations within the country.,unitless share-like score,Missing if white-collar occupational composition is unavailable.,141,0.4351364703798875
data/mechanisms/white_collar_analysis.csv,bc_exposure,sc:Float,Average exposure among blue-collar occupations within the country.,unitless share-like score,Missing if blue-collar occupational composition is unavailable.,141,0.1870971829497697
data/mechanisms/white_collar_analysis.csv,exposure_residual_wc,sc:Float,Released analysis column `exposure_residual_wc`; see the table description for context.,source-specific,Blank cells denote unavailable or not-applicable values.,141,0.0084372191704084
data/mechanisms/wc_bc_sensitivity.csv,classification,sc:Text,Released analysis column `classification`; see the table description for context.,source-specific,Blank cells denote unavailable or not-applicable values.,3,Baseline (11-44)
data/mechanisms/wc_bc_sensitivity.csv,n_wc_codes,sc:Integer,Released analysis column `n_wc_codes`; see the table description for context.,source-specific,Blank cells denote unavailable or not-applicable values.,3,34
data/mechanisms/wc_bc_sensitivity.csv,r,sc:Float,Released analysis column `r`; see the table description for context.,source-specific,Blank cells denote unavailable or not-applicable values.,3,0.953
data/mechanisms/wc_bc_sensitivity.csv,r_squared,sc:Float,Released analysis column `r_squared`; see the table description for context.,source-specific,Blank cells denote unavailable or not-applicable values.,3,0.9081
data/mechanisms/wc_bc_sensitivity.csv,delta_r2,sc:Float,Released analysis column `delta_r2`; see the table description for context.,source-specific,Blank cells denote unavailable or not-applicable values.,3,0.0
data/mechanisms/wc_bc_sensitivity.csv,n,sc:Integer,Number of complete-case countries or observations used by a model.,count,No missing values in regression summary rows.,3,134
data/mechanisms/wage_weighted_exposure.csv,country_code,sc:Text,ISO-3 country or economy code.,ISO-3 text code,Missing only where a row is not country-specific.,113,LUX
data/mechanisms/wage_weighted_exposure.csv,country_name,sc:Text,Country or economy name used in the analysis.,text,Missing only where a row is not country-specific.,113,Luxembourg
data/mechanisms/wage_weighted_exposure.csv,weighted_exposure,sc:Float,National AI exposure score computed from occupational employment shares and ISCO exposure scores.,unitless share-like score,No missing values in the main measured exposure panel.,113,0.3715
data/mechanisms/wage_weighted_exposure.csv,wage_weighted_exposure,sc:Float,National exposure weighted by available occupational wage data.,unitless share-like score,Missing for countries without suitable occupational wage data.,113,0.3978
data/mechanisms/wage_weighted_exposure.csv,exposed_wage_bill,sc:Float,Released analysis column `exposed_wage_bill`; see the table description for context.,source-specific,Blank cells denote unavailable or not-applicable values.,113,3767.7
data/mechanisms/wage_weighted_exposure.csv,wage_data_year,sc:Float,Released analysis column `wage_data_year`; see the table description for context.,source-specific,Blank cells denote unavailable or not-applicable values.,113,2024.0
data/mechanisms/wage_weighted_exposure.csv,wage_coverage,sc:Float,Released analysis column `wage_coverage`; see the table description for context.,source-specific,Blank cells denote unavailable or not-applicable values.,113,1.0
data/mechanisms/labor_share.csv,country_code,sc:Text,ISO-3 country or economy code.,ISO-3 text code,Missing only where a row is not country-specific.,124,LUX
data/mechanisms/labor_share.csv,country_name,sc:Text,Country or economy name used in the analysis.,text,Missing only where a row is not country-specific.,124,Luxembourg
data/mechanisms/labor_share.csv,labsh,sc:Float,ILO labor share of GDP.,proportion,Missing where ILO labor share is unavailable.,124,0.57217
data/mechanisms/labor_share.csv,capital_share,sc:Float,Released analysis column `capital_share`; see the table description for context.,source-specific,Blank cells denote unavailable or not-applicable values.,124,0.42783
data/mechanisms/labor_share.csv,labsh_year,sc:Float,Released analysis column `labsh_year`; see the table description for context.,source-specific,Blank cells denote unavailable or not-applicable values.,124,2025.0
data/mechanisms/occupation_contributions.csv,isco2_code,sc:Float,Released analysis column `isco2_code`; see the table description for context.,source-specific,Blank cells denote unavailable or not-applicable values.,5335,63.0
data/mechanisms/occupation_contributions.csv,exposure_score,sc:Float,Released analysis column `exposure_score`; see the table description for context.,source-specific,Blank cells denote unavailable or not-applicable values.,5335,0.125
data/mechanisms/occupation_contributions.csv,employment_share,sc:Float,Released analysis column `employment_share`; see the table description for context.,source-specific,Blank cells denote unavailable or not-applicable values.,5335,0.36329790361534
data/mechanisms/occupation_contributions.csv,contribution,sc:Float,Released analysis column `contribution`; see the table description for context.,source-specific,Blank cells denote unavailable or not-applicable values.,5335,0.0454122379519175
data/mechanisms/occupation_contributions.csv,contribution_pct,sc:Float,Released analysis column `contribution_pct`; see the table description for context.,source-specific,Blank cells denote unavailable or not-applicable values.,5335,23.994023689880457
data/mechanisms/occupation_contributions.csv,cumulative_pct,sc:Float,Released analysis column `cumulative_pct`; see the table description for context.,source-specific,Blank cells denote unavailable or not-applicable values.,5335,23.994023689880457
data/mechanisms/occupation_contributions.csv,rank,sc:Integer,Released analysis column `rank`; see the table description for context.,source-specific,Blank cells denote unavailable or not-applicable values.,5335,1
data/mechanisms/occupation_contributions.csv,country_code,sc:Text,ISO-3 country or economy code.,ISO-3 text code,Missing only where a row is not country-specific.,5335,AFG
data/mechanisms/occupation_contributions.csv,isco08_2d,sc:Integer,Released analysis column `isco08_2d`; see the table description for context.,source-specific,Blank cells denote unavailable or not-applicable values.,5335,63
data/mechanisms/occupation_contributions.csv,description_2d,sc:Text,Released analysis column `description_2d`; see the table description for context.,source-specific,Blank cells denote unavailable or not-applicable values.,5335,"Subsistence farmers, fishers, hunters and gatherers"
data/mechanisms/occupation_contributions.csv,country_name,sc:Text,Country or economy name used in the analysis.,text,Missing only where a row is not country-specific.,5335,Afghanistan
data/mechanisms/occupation_contributions.csv,macro_sector,sc:Text,Released analysis column `macro_sector`; see the table description for context.,source-specific,Blank cells denote unavailable or not-applicable values.,5335,Agriculture
data/mechanisms/occupation_contributions.csv,is_white_collar,sc:Boolean,Released analysis column `is_white_collar`; see the table description for context.,source-specific,Blank cells denote unavailable or not-applicable values.,5335,False
data/robustness/alternative_exposure_occupation.csv,isco08_2d,sc:Integer,Released analysis column `isco08_2d`; see the table description for context.,source-specific,Blank cells denote unavailable or not-applicable values.,40,11
data/robustness/alternative_exposure_occupation.csv,exposure_score,sc:Float,Released analysis column `exposure_score`; see the table description for context.,source-specific,Blank cells denote unavailable or not-applicable values.,40,0.3339999999999999
data/robustness/alternative_exposure_occupation.csv,description_2d,sc:Text,Released analysis column `description_2d`; see the table description for context.,source-specific,Blank cells denote unavailable or not-applicable values.,40,"Chief executives, senior officials and legislators"
data/robustness/alternative_exposure_occupation.csv,dv_rating_beta,sc:Float,Released analysis column `dv_rating_beta`; see the table description for context.,source-specific,Blank cells denote unavailable or not-applicable values.,40,0.4635905542970553
data/robustness/alternative_exposure_occupation.csv,el_diff,sc:Float,Released analysis column `el_diff`; see the table description for context.,source-specific,Blank cells denote unavailable or not-applicable values.,40,0.1295905542970554
data/robustness/alternative_exposure_occupation.csv,is_wc,sc:Boolean,Released analysis column `is_wc`; see the table description for context.,source-specific,Blank cells denote unavailable or not-applicable values.,40,True
data/robustness/alternative_exposure_national.csv,country_code,sc:Text,ISO-3 country or economy code.,ISO-3 text code,Missing only where a row is not country-specific.,131,LUX
data/robustness/alternative_exposure_national.csv,country_name,sc:Text,Country or economy name used in the analysis.,text,Missing only where a row is not country-specific.,131,Luxembourg
data/robustness/alternative_exposure_national.csv,gmyrek,sc:Float,Released analysis column `gmyrek`; see the table description for context.,source-specific,Blank cells denote unavailable or not-applicable values.,131,0.3715
data/robustness/alternative_exposure_national.csv,eloundou,sc:Float,Released analysis column `eloundou`; see the table description for context.,source-specific,Blank cells denote unavailable or not-applicable values.,131,0.4322035660564742
data/robustness/alternative_exposure_national.csv,wc_share,sc:Float,Share of employment in the project's baseline white-collar occupation grouping.,proportion,No missing values where occupation composition is measured.,131,0.7433635057060991
data/robustness/alternative_exposure_national.csv,gni_ppp,sc:Float,"World Bank GNI per capita, PPP-adjusted.",current international dollars,Missing when WDI GNI PPP is unavailable.,129,110650.0
data/robustness/alternative_exposure_national.csv,gmyrek_rank,sc:Integer,Released analysis column `gmyrek_rank`; see the table description for context.,source-specific,Blank cells denote unavailable or not-applicable values.,131,1
data/robustness/alternative_exposure_national.csv,eloundou_rank,sc:Integer,Released analysis column `eloundou_rank`; see the table description for context.,source-specific,Blank cells denote unavailable or not-applicable values.,131,2
data/robustness/wc_boundary_sensitivity.csv,isco2,sc:Integer,Released analysis column `isco2`; see the table description for context.,source-specific,Blank cells denote unavailable or not-applicable values.,21,52
data/robustness/wc_boundary_sensitivity.csv,description,sc:Text,Released analysis column `description`; see the table description for context.,source-specific,Blank cells denote unavailable or not-applicable values.,21,Sales workers
data/robustness/wc_boundary_sensitivity.csv,exposure,sc:Float,Released analysis column `exposure`; see the table description for context.,source-specific,Blank cells denote unavailable or not-applicable values.,21,0.3625
data/robustness/wc_boundary_sensitivity.csv,new_r2,sc:Float,Released analysis column `new_r2`; see the table description for context.,source-specific,Blank cells denote unavailable or not-applicable values.,21,0.9658104101214784
data/robustness/wc_boundary_sensitivity.csv,delta_r2,sc:Float,Released analysis column `delta_r2`; see the table description for context.,source-specific,Blank cells denote unavailable or not-applicable values.,21,0.0497384507071557
data/validation/adoption_gap.csv,country_code,sc:Text,ISO-3 country or economy code.,ISO-3 text code,Missing only where a row is not country-specific.,109,GEO
data/validation/adoption_gap.csv,country_name,sc:Text,Country or economy name used in the analysis.,text,Missing only where a row is not country-specific.,109,Georgia
data/validation/adoption_gap.csv,weighted_exposure,sc:Float,National AI exposure score computed from occupational employment shares and ISCO exposure scores.,unitless share-like score,No missing values in the main measured exposure panel.,109,0.237
data/validation/adoption_gap.csv,gni_ppp,sc:Float,"World Bank GNI per capita, PPP-adjusted.",current international dollars,Missing when WDI GNI PPP is unavailable.,109,26200.0
data/validation/adoption_gap.csv,usage_per_capita,sc:Float,Released analysis column `usage_per_capita`; see the table description for context.,source-specific,Blank cells denote unavailable or not-applicable values.,109,0.0005669679504665
data/validation/adoption_gap.csv,predicted_log_upc,sc:Float,Released analysis column `predicted_log_upc`; see the table description for context.,source-specific,Blank cells denote unavailable or not-applicable values.,109,-8.79823806074507
data/validation/adoption_gap.csv,adoption_residual,sc:Float,Released analysis column `adoption_residual`; see the table description for context.,source-specific,Blank cells denote unavailable or not-applicable values.,109,1.3230302801605731
data/validation/occupation_validation.csv,isco08_2d,sc:Integer,Released analysis column `isco08_2d`; see the table description for context.,source-specific,Blank cells denote unavailable or not-applicable values.,40,41
data/validation/occupation_validation.csv,gmyrek_score,sc:Float,Released analysis column `gmyrek_score`; see the table description for context.,source-specific,Blank cells denote unavailable or not-applicable values.,40,0.6325
data/validation/occupation_validation.csv,description_2d,sc:Text,Released analysis column `description_2d`; see the table description for context.,source-specific,Blank cells denote unavailable or not-applicable values.,40,General and keyboard clerks
data/validation/occupation_validation.csv,anthropic_observed,sc:Float,Released analysis column `anthropic_observed`; see the table description for context.,source-specific,Blank cells denote unavailable or not-applicable values.,40,0.4112
data/validation/occupation_validation.csv,is_wc,sc:Boolean,Released analysis column `is_wc`; see the table description for context.,source-specific,Blank cells denote unavailable or not-applicable values.,40,True
data/validation/occupation_validation.csv,rank_gmyrek,sc:Integer,Released analysis column `rank_gmyrek`; see the table description for context.,source-specific,Blank cells denote unavailable or not-applicable values.,40,1
data/validation/occupation_validation.csv,rank_anthropic,sc:Integer,Released analysis column `rank_anthropic`; see the table description for context.,source-specific,Blank cells denote unavailable or not-applicable values.,40,1
data/validation/occupation_validation.csv,rank_diff,sc:Integer,Released analysis column `rank_diff`; see the table description for context.,source-specific,Blank cells denote unavailable or not-applicable values.,40,0
data/validation/observed_outcomes_vs_exposure.csv,country_code,sc:Text,ISO-3 country or economy code.,ISO-3 text code,Missing only where a row is not country-specific.,309,LUX
data/validation/observed_outcomes_vs_exposure.csv,country_name,sc:Text,Country or economy name used in the analysis.,text,Missing only where a row is not country-specific.,309,Luxembourg
data/validation/observed_outcomes_vs_exposure.csv,weighted_exposure,sc:Float,National AI exposure score computed from occupational employment shares and ISCO exposure scores.,unitless share-like score,No missing values in the main measured exposure panel.,309,0.3715
data/validation/observed_outcomes_vs_exposure.csv,outcome_value,sc:Float,Observed AI adoption or usage outcome value used in validation figures.,source-specific,Complete within included outcome-country rows.,309,111.61049653792
data/validation/observed_outcomes_vs_exposure.csv,source,sc:Text,Released analysis column `source`; see the table description for context.,source-specific,Blank cells denote unavailable or not-applicable values.,309,Anthropic Claude
data/validation/observed_outcomes_vs_exposure.csv,source_key,sc:Text,Short key identifying the adoption/usage source.,categorical text,No missing values in validation rows.,309,anthropic
data/validation/observed_outcomes_vs_exposure.csv,metric_label,sc:Text,Released analysis column `metric_label`; see the table description for context.,source-specific,Blank cells denote unavailable or not-applicable values.,309,Claude usage / 100k WAP (log)
data/validation/observed_outcomes_vs_exposure.csv,is_log_scale,sc:Boolean,Released analysis column `is_log_scale`; see the table description for context.,source-specific,Blank cells denote unavailable or not-applicable values.,309,True
data/validation/observed_outcomes_vs_exposure_stats.csv,source_key,sc:Text,Short key identifying the adoption/usage source.,categorical text,No missing values in validation rows.,3,anthropic
data/validation/observed_outcomes_vs_exposure_stats.csv,source,sc:Text,Released analysis column `source`; see the table description for context.,source-specific,Blank cells denote unavailable or not-applicable values.,3,Anthropic Claude
data/validation/observed_outcomes_vs_exposure_stats.csv,metric_label,sc:Text,Released analysis column `metric_label`; see the table description for context.,source-specific,Blank cells denote unavailable or not-applicable values.,3,Claude usage / 100k WAP (log)
data/validation/observed_outcomes_vs_exposure_stats.csv,n_countries,sc:Integer,Number of countries included in a table cell or model.,count,No missing values unless row is not country-count based.,3,114
data/validation/observed_outcomes_vs_exposure_stats.csv,spearman_rho,sc:Float,Released analysis column `spearman_rho`; see the table description for context.,source-specific,Blank cells denote unavailable or not-applicable values.,3,0.8956292640812337
data/validation/adoption_predictor_grid.csv,outcome_key,sc:Text,Released analysis column `outcome_key`; see the table description for context.,source-specific,Blank cells denote unavailable or not-applicable values.,24,anthropic
data/validation/adoption_predictor_grid.csv,outcome_label,sc:Text,Released analysis column `outcome_label`; see the table description for context.,source-specific,Blank cells denote unavailable or not-applicable values.,24,Anthropic Claude
data/validation/adoption_predictor_grid.csv,dependent_var,sc:Text,Released analysis column `dependent_var`; see the table description for context.,source-specific,Blank cells denote unavailable or not-applicable values.,24,log10(Claude usage / 100k WAP)
data/validation/adoption_predictor_grid.csv,n_countries,sc:Integer,Number of countries included in a table cell or model.,count,No missing values unless row is not country-count based.,24,114
data/validation/adoption_predictor_grid.csv,predictor_set,sc:Text,Predictor combination used in the descriptive OLS specification.,categorical text,No missing values in regression rows.,24,Intercept only
data/validation/adoption_predictor_grid.csv,includes_wc,sc:Boolean,Released analysis column `includes_wc`; see the table description for context.,source-specific,Blank cells denote unavailable or not-applicable values.,24,False
data/validation/adoption_predictor_grid.csv,includes_log_gni,sc:Boolean,Released analysis column `includes_log_gni`; see the table description for context.,source-specific,Blank cells denote unavailable or not-applicable values.,24,False
data/validation/adoption_predictor_grid.csv,includes_exposure,sc:Boolean,Released analysis column `includes_exposure`; see the table description for context.,source-specific,Blank cells denote unavailable or not-applicable values.,24,False
data/validation/adoption_predictor_grid.csv,r2,sc:Float,In-sample R-squared from descriptive OLS specification.,proportion,No missing values in regression summary rows.,24,0.0
data/validation/microsoft_ai_diffusion_country_adoption.csv,country_name,sc:Text,Country or economy name used in the analysis.,text,Missing only where a row is not country-specific.,147,Afghanistan
data/validation/microsoft_ai_diffusion_country_adoption.csv,country_code,sc:Text,ISO-3 country or economy code.,ISO-3 text code,Missing only where a row is not country-specific.,147,AFG
data/validation/microsoft_ai_diffusion_country_adoption.csv,adoption_rate,sc:Float,Latest Microsoft AI Diffusion adoption rate used as the headline validation outcome.,percent of working-age population,No missing values in the Microsoft adoption table.,147,6.1
data/validation/microsoft_ai_diffusion_country_adoption.csv,adoption_rate_h1_2025,sc:Float,Microsoft AI Diffusion H1 2025 adoption rate retained for audit.,percent of working-age population,No missing values in the Microsoft adoption table.,147,5.1
data/validation/microsoft_ai_diffusion_country_adoption.csv,adoption_rate_h2_2025,sc:Float,Microsoft AI Diffusion H2 2025 adoption rate retained for audit and historical comparison.,percent of working-age population,No missing values in the Microsoft adoption table.,147,5.6
data/validation/microsoft_ai_diffusion_country_adoption.csv,adoption_rate_q1_2026,sc:Float,Microsoft AI Diffusion Q1 2026 adoption rate used as the headline validation outcome.,percent of working-age population,No missing values in the Microsoft adoption table.,147,6.1
data/validation/microsoft_ai_diffusion_country_adoption.csv,source_economy_name,sc:Text,Country or economy name as reported in the official Microsoft AI Diffusion GitHub CSV.,text,No missing values in the Microsoft adoption table.,147,Afghanistan
data/validation/appendix_predicting_adoption_regressions.csv,outcome_key,sc:Text,Released analysis column `outcome_key`; see the table description for context.,source-specific,Blank cells denote unavailable or not-applicable values.,24,anthropic
data/validation/appendix_predicting_adoption_regressions.csv,outcome_label,sc:Text,Released analysis column `outcome_label`; see the table description for context.,source-specific,Blank cells denote unavailable or not-applicable values.,24,Anthropic Claude
data/validation/appendix_predicting_adoption_regressions.csv,dependent_var,sc:Text,Released analysis column `dependent_var`; see the table description for context.,source-specific,Blank cells denote unavailable or not-applicable values.,24,log10(Claude usage / 100k WAP)
data/validation/appendix_predicting_adoption_regressions.csv,model,sc:Integer,Released analysis column `model`; see the table description for context.,source-specific,Blank cells denote unavailable or not-applicable values.,24,1
data/validation/appendix_predicting_adoption_regressions.csv,predictor_set,sc:Text,Predictor combination used in the descriptive OLS specification.,categorical text,No missing values in regression rows.,24,Intercept only
data/validation/appendix_predicting_adoption_regressions.csv,n,sc:Integer,Number of complete-case countries or observations used by a model.,count,No missing values in regression summary rows.,24,114
data/validation/appendix_predicting_adoption_regressions.csv,r2,sc:Float,In-sample R-squared from descriptive OLS specification.,proportion,No missing values in regression summary rows.,24,2.220446049250313e-16
data/validation/appendix_predicting_adoption_regressions.csv,const_coef,sc:Float,Released analysis column `const_coef`; see the table description for context.,source-specific,Blank cells denote unavailable or not-applicable values.,24,1.1554340771708411
data/validation/appendix_predicting_adoption_regressions.csv,const_se_hc1,sc:Float,Released analysis column `const_se_hc1`; see the table description for context.,source-specific,Blank cells denote unavailable or not-applicable values.,24,0.0542756764544749
data/validation/appendix_predicting_adoption_regressions.csv,const_p,sc:Float,Released analysis column `const_p`; see the table description for context.,source-specific,Blank cells denote unavailable or not-applicable values.,24,2.3901951525065085e-41
data/validation/appendix_predicting_adoption_regressions.csv,wc_share_coef,sc:Float,Released analysis column `wc_share_coef`; see the table description for context.,source-specific,Blank cells denote unavailable or not-applicable values.,12,2.761171577874999
data/validation/appendix_predicting_adoption_regressions.csv,wc_share_se_hc1,sc:Float,Released analysis column `wc_share_se_hc1`; see the table description for context.,source-specific,Blank cells denote unavailable or not-applicable values.,12,0.1230485609137185
data/validation/appendix_predicting_adoption_regressions.csv,wc_share_p,sc:Float,Released analysis column `wc_share_p`; see the table description for context.,source-specific,Blank cells denote unavailable or not-applicable values.,12,2.9991569495688767e-43
data/validation/appendix_predicting_adoption_regressions.csv,log_gni_coef,sc:Float,Released analysis column `log_gni_coef`; see the table description for context.,source-specific,Blank cells denote unavailable or not-applicable values.,12,0.4706948735735852
data/validation/appendix_predicting_adoption_regressions.csv,log_gni_se_hc1,sc:Float,Released analysis column `log_gni_se_hc1`; see the table description for context.,source-specific,Blank cells denote unavailable or not-applicable values.,12,0.0200756770457675
data/validation/appendix_predicting_adoption_regressions.csv,log_gni_p,sc:Float,Released analysis column `log_gni_p`; see the table description for context.,source-specific,Blank cells denote unavailable or not-applicable values.,12,5.1813841424079315e-45
data/validation/appendix_predicting_adoption_regressions.csv,internet_share_coef,sc:Float,Released analysis column `internet_share_coef`; see the table description for context.,source-specific,Blank cells denote unavailable or not-applicable values.,0,
data/validation/appendix_predicting_adoption_regressions.csv,internet_share_se_hc1,sc:Float,Released analysis column `internet_share_se_hc1`; see the table description for context.,source-specific,Blank cells denote unavailable or not-applicable values.,0,
data/validation/appendix_predicting_adoption_regressions.csv,internet_share_p,sc:Float,Released analysis column `internet_share_p`; see the table description for context.,source-specific,Blank cells denote unavailable or not-applicable values.,0,
data/validation/appendix_predicting_adoption_regressions.csv,cmp_national_coef,sc:Float,Released analysis column `cmp_national_coef`; see the table description for context.,source-specific,Blank cells denote unavailable or not-applicable values.,0,
data/validation/appendix_predicting_adoption_regressions.csv,cmp_national_se_hc1,sc:Float,Released analysis column `cmp_national_se_hc1`; see the table description for context.,source-specific,Blank cells denote unavailable or not-applicable values.,0,
data/validation/appendix_predicting_adoption_regressions.csv,cmp_national_p,sc:Float,Released analysis column `cmp_national_p`; see the table description for context.,source-specific,Blank cells denote unavailable or not-applicable values.,0,
data/validation/appendix_predicting_adoption_regressions.csv,weighted_exposure_coef,sc:Float,Released analysis column `weighted_exposure_coef`; see the table description for context.,source-specific,Blank cells denote unavailable or not-applicable values.,12,10.642960438579005
data/validation/appendix_predicting_adoption_regressions.csv,weighted_exposure_se_hc1,sc:Float,Released analysis column `weighted_exposure_se_hc1`; see the table description for context.,source-specific,Blank cells denote unavailable or not-applicable values.,12,0.4533469807213511
data/validation/appendix_predicting_adoption_regressions.csv,weighted_exposure_p,sc:Float,Released analysis column `weighted_exposure_p`; see the table description for context.,source-specific,Blank cells denote unavailable or not-applicable values.,12,4.5920734818660106e-45
data/validation/appendix_predicting_exposure_regressions.csv,outcome_key,sc:Text,Released analysis column `outcome_key`; see the table description for context.,source-specific,Blank cells denote unavailable or not-applicable values.,8,exposure
data/validation/appendix_predicting_exposure_regressions.csv,outcome_label,sc:Text,Released analysis column `outcome_label`; see the table description for context.,source-specific,Blank cells denote unavailable or not-applicable values.,8,National AI exposure
data/validation/appendix_predicting_exposure_regressions.csv,dependent_var,sc:Text,Released analysis column `dependent_var`; see the table description for context.,source-specific,Blank cells denote unavailable or not-applicable values.,8,National AI exposure
data/validation/appendix_predicting_exposure_regressions.csv,model,sc:Integer,Released analysis column `model`; see the table description for context.,source-specific,Blank cells denote unavailable or not-applicable values.,8,1
data/validation/appendix_predicting_exposure_regressions.csv,predictor_set,sc:Text,Predictor combination used in the descriptive OLS specification.,categorical text,No missing values in regression rows.,8,WC
data/validation/appendix_predicting_exposure_regressions.csv,n,sc:Integer,Number of complete-case countries or observations used by a model.,count,No missing values in regression summary rows.,8,141
data/validation/appendix_predicting_exposure_regressions.csv,r2,sc:Float,In-sample R-squared from descriptive OLS specification.,proportion,No missing values in regression summary rows.,8,0.9068201994205451
data/validation/appendix_predicting_exposure_regressions.csv,const_coef,sc:Float,Released analysis column `const_coef`; see the table description for context.,source-specific,Blank cells denote unavailable or not-applicable values.,8,0.183359017300187
data/validation/appendix_predicting_exposure_regressions.csv,const_se_hc1,sc:Float,Released analysis column `const_se_hc1`; see the table description for context.,source-specific,Blank cells denote unavailable or not-applicable values.,8,0.0030843861981236
data/validation/appendix_predicting_exposure_regressions.csv,const_p,sc:Float,Released analysis column `const_p`; see the table description for context.,source-specific,Blank cells denote unavailable or not-applicable values.,8,1.0196437741029766e-100
data/validation/appendix_predicting_exposure_regressions.csv,wc_share_coef,sc:Float,Released analysis column `wc_share_coef`; see the table description for context.,source-specific,Blank cells denote unavailable or not-applicable values.,5,0.2417441294198445
data/validation/appendix_predicting_exposure_regressions.csv,wc_share_se_hc1,sc:Float,Released analysis column `wc_share_se_hc1`; see the table description for context.,source-specific,Blank cells denote unavailable or not-applicable values.,5,0.0073696423901476
data/validation/appendix_predicting_exposure_regressions.csv,wc_share_p,sc:Float,Released analysis column `wc_share_p`; see the table description for context.,source-specific,Blank cells denote unavailable or not-applicable values.,5,2.6103373169068878e-67
data/validation/appendix_predicting_exposure_regressions.csv,log_gni_coef,sc:Float,Released analysis column `log_gni_coef`; see the table description for context.,source-specific,Blank cells denote unavailable or not-applicable values.,3,0.0355301129554768
data/validation/appendix_predicting_exposure_regressions.csv,log_gni_se_hc1,sc:Float,Released analysis column `log_gni_se_hc1`; see the table description for context.,source-specific,Blank cells denote unavailable or not-applicable values.,3,0.0019399207008
data/validation/appendix_predicting_exposure_regressions.csv,log_gni_p,sc:Float,Released analysis column `log_gni_p`; see the table description for context.,source-specific,Blank cells denote unavailable or not-applicable values.,3,3.528585371530233e-38
data/validation/appendix_predicting_exposure_regressions.csv,internet_share_coef,sc:Float,Released analysis column `internet_share_coef`; see the table description for context.,source-specific,Blank cells denote unavailable or not-applicable values.,3,0.1566003544958015
data/validation/appendix_predicting_exposure_regressions.csv,internet_share_se_hc1,sc:Float,Released analysis column `internet_share_se_hc1`; see the table description for context.,source-specific,Blank cells denote unavailable or not-applicable values.,3,0.0099321328706519
data/validation/appendix_predicting_exposure_regressions.csv,internet_share_p,sc:Float,Released analysis column `internet_share_p`; see the table description for context.,source-specific,Blank cells denote unavailable or not-applicable values.,3,8.731717136153026e-32
data/validation/appendix_predicting_exposure_regressions.csv,cmp_national_coef,sc:Float,Released analysis column `cmp_national_coef`; see the table description for context.,source-specific,Blank cells denote unavailable or not-applicable values.,3,0.1052638405698317
data/validation/appendix_predicting_exposure_regressions.csv,cmp_national_se_hc1,sc:Float,Released analysis column `cmp_national_se_hc1`; see the table description for context.,source-specific,Blank cells denote unavailable or not-applicable values.,3,0.0013086371299052
data/validation/appendix_predicting_exposure_regressions.csv,cmp_national_p,sc:Float,Released analysis column `cmp_national_p`; see the table description for context.,source-specific,Blank cells denote unavailable or not-applicable values.,3,5.051633717838704e-114
data/validation/appendix_predicting_exposure_regressions.csv,weighted_exposure_coef,sc:Float,Released analysis column `weighted_exposure_coef`; see the table description for context.,source-specific,Blank cells denote unavailable or not-applicable values.,0,
data/validation/appendix_predicting_exposure_regressions.csv,weighted_exposure_se_hc1,sc:Float,Released analysis column `weighted_exposure_se_hc1`; see the table description for context.,source-specific,Blank cells denote unavailable or not-applicable values.,0,
data/validation/appendix_predicting_exposure_regressions.csv,weighted_exposure_p,sc:Float,Released analysis column `weighted_exposure_p`; see the table description for context.,source-specific,Blank cells denote unavailable or not-applicable values.,0,
data/indirect/remittance_weighted_exposure.csv,country_code,sc:Text,ISO-3 country or economy code.,ISO-3 text code,Missing only where a row is not country-specific.,126,AFG
data/indirect/remittance_weighted_exposure.csv,country_name,sc:Text,Country or economy name used in the analysis.,text,Missing only where a row is not country-specific.,126,Afghanistan
data/indirect/remittance_weighted_exposure.csv,domestic_exposure,sc:Float,Direct national AI exposure before remittance reweighting.,unitless share-like score,Missing only if no measured national exposure is available.,126,0.1893
data/indirect/remittance_weighted_exposure.csv,remit_weighted_exposure,sc:Float,Remittance-accounted exposure using measured bilateral remittance source-country exposure.,unitless share-like score,Countries with insufficient measured remittance/exposure coverage are excluded.,126,0.2679999999999999
data/indirect/remittance_weighted_exposure.csv,remit_weighted_exposure_raw,sc:Float,Raw source-country exposure average among covered remittance inflows.,unitless share-like score,Missing when no covered remittance source countries are available.,126,0.2679999999999999
data/indirect/remittance_weighted_exposure.csv,remittance_pct_gdp,sc:Float,Personal remittances received as a percentage of GDP.,percent of GDP,Missing when WDI remittance share is unavailable.,121,1.8656
data/indirect/remittance_weighted_exposure.csv,n_sources_with_exposure,sc:Integer,Released analysis column `n_sources_with_exposure`; see the table description for context.,source-specific,Blank cells denote unavailable or not-applicable values.,126,20
data/indirect/remittance_weighted_exposure.csv,source_share_covered,sc:Float,Released analysis column `source_share_covered`; see the table description for context.,source-specific,Blank cells denote unavailable or not-applicable values.,126,0.8724832214765101
data/indirect/remittance_weighted_exposure.csv,total_inflow_m,sc:Float,Total measured bilateral remittance inflow in the KNOMAD matrix.,current US$ millions,Missing when the matrix lacks positive bilateral inflows.,126,298.0
data/indirect/remittance_data.csv,country_code,sc:Text,ISO-3 country or economy code.,ISO-3 text code,Missing only where a row is not country-specific.,134,LUX
data/indirect/remittance_data.csv,country_name,sc:Text,Country or economy name used in the analysis.,text,Missing only where a row is not country-specific.,134,Luxembourg
data/indirect/remittance_data.csv,remittance_pct_gdp,sc:Float,Personal remittances received as a percentage of GDP.,percent of GDP,Missing when WDI remittance share is unavailable.,126,2.6796
data/indirect/remittance_data.csv,remittance_year,sc:Float,Released analysis column `remittance_year`; see the table description for context.,source-specific,Blank cells denote unavailable or not-applicable values.,126,2024.0
data/aggregates/region_income_exposure_grid.csv,region,sc:Text,World Bank region classification.,categorical text,Missing for economies outside the World Bank classification file.,28,East Asia & Pacific
data/aggregates/region_income_exposure_grid.csv,income_group,sc:Text,World Bank income group classification.,categorical text,Missing for economies outside the World Bank classification file.,28,Low income
data/aggregates/region_income_exposure_grid.csv,n_countries,sc:Integer,Number of countries included in a table cell or model.,count,No missing values unless row is not country-count based.,28,0
data/aggregates/region_income_exposure_grid.csv,macro_exposure,sc:Float,Simple country-average exposure for a group.,unitless share-like score,Missing for empty World Bank group cells.,19,0.2218727272727272
data/aggregates/region_income_exposure_grid.csv,labor_force_weighted_exposure,sc:Float,Exposure averaged across countries using measured employment as weights.,unitless share-like score,Missing for empty World Bank group cells.,19,0.2343344372750573
data/aggregates/region_income_exposure_grid.csv,total_employment_k,sc:Float,Measured total employment represented in the exposure panel.,thousands of workers,No missing values in the main measured exposure panel.,28,0.0
data/aggregates/region_income_exposure_grid.csv,covered_population_2024,sc:Float,Released analysis column `covered_population_2024`; see the table description for context.,source-specific,Blank cells denote unavailable or not-applicable values.,28,0.0
data/aggregates/region_income_exposure_grid.csv,included_country_codes,sc:Text,Released analysis column `included_country_codes`; see the table description for context.,source-specific,Blank cells denote unavailable or not-applicable values.,19,FSM;KHM;KIR;LAO;MMR;PHL;PNG;SLB;TLS;VNM;VUT
data/aggregates/region_income_exposure_grid.csv,n_wb_economies,sc:Integer,Released analysis column `n_wb_economies`; see the table description for context.,source-specific,Blank cells denote unavailable or not-applicable values.,28,1
data/aggregates/region_income_exposure_grid.csv,wb_population_2024,sc:Float,Released analysis column `wb_population_2024`; see the table description for context.,source-specific,Blank cells denote unavailable or not-applicable values.,28,26498823.0
data/aggregates/region_income_exposure_grid.csv,country_coverage_share,sc:Float,Released analysis column `country_coverage_share`; see the table description for context.,source-specific,Blank cells denote unavailable or not-applicable values.,21,0.0
data/aggregates/region_income_exposure_grid.csv,population_coverage_share_2024,sc:Float,Released analysis column `population_coverage_share_2024`; see the table description for context.,source-specific,Blank cells denote unavailable or not-applicable values.,21,0.0
data/aggregates/region_income_exposure_grid.csv,missing_exposure_country_codes,sc:Text,Released analysis column `missing_exposure_country_codes`; see the table description for context.,source-specific,Blank cells denote unavailable or not-applicable values.,18,PRK
data/aggregates/region_income_exposure_grid.csv,coverage_note,sc:Text,Released analysis column `coverage_note`; see the table description for context.,source-specific,Blank cells denote unavailable or not-applicable values.,28,No measured exposure countries in this World Bank group
data/aggregates/region_exposure_marginals.csv,region,sc:Text,World Bank region classification.,categorical text,Missing for economies outside the World Bank classification file.,7,East Asia & Pacific
data/aggregates/region_exposure_marginals.csv,n_countries,sc:Integer,Number of countries included in a table cell or model.,count,No missing values unless row is not country-count based.,7,24
data/aggregates/region_exposure_marginals.csv,macro_exposure,sc:Float,Simple country-average exposure for a group.,unitless share-like score,Missing for empty World Bank group cells.,7,0.2555624999999999
data/aggregates/region_exposure_marginals.csv,labor_force_weighted_exposure,sc:Float,Exposure averaged across countries using measured employment as weights.,unitless share-like score,Missing for empty World Bank group cells.,7,0.2558807254456185
data/aggregates/region_exposure_marginals.csv,total_employment_k,sc:Float,Measured total employment represented in the exposure panel.,thousands of workers,No missing values in the main measured exposure panel.,7,403658.1
data/aggregates/region_exposure_marginals.csv,covered_population_2024,sc:Float,Released analysis column `covered_population_2024`; see the table description for context.,source-specific,Blank cells denote unavailable or not-applicable values.,7,827780221.0
data/aggregates/region_exposure_marginals.csv,included_country_codes,sc:Text,Released analysis column `included_country_codes`; see the table description for context.,source-specific,Blank cells denote unavailable or not-applicable values.,7,AUS;BRN;FJI;FSM;IDN;JPN;KHM;KIR;LAO;MHL;MMR;MNG;PHL;PLW;PNG;SGP;SLB;THA;TLS;TON;TUV;VNM;VUT;WSM
data/aggregates/region_exposure_marginals.csv,n_wb_economies,sc:Integer,Released analysis column `n_wb_economies`; see the table description for context.,source-specific,Blank cells denote unavailable or not-applicable values.,7,38
data/aggregates/region_exposure_marginals.csv,wb_population_2024,sc:Float,Released analysis column `wb_population_2024`; see the table description for context.,source-specific,Blank cells denote unavailable or not-applicable values.,7,2364906595.0
data/aggregates/region_exposure_marginals.csv,country_coverage_share,sc:Float,Released analysis column `country_coverage_share`; see the table description for context.,source-specific,Blank cells denote unavailable or not-applicable values.,7,0.631578947368421
data/aggregates/region_exposure_marginals.csv,population_coverage_share_2024,sc:Float,Released analysis column `population_coverage_share_2024`; see the table description for context.,source-specific,Blank cells denote unavailable or not-applicable values.,7,0.3500266026362872
data/aggregates/region_exposure_marginals.csv,missing_exposure_country_codes,sc:Text,Released analysis column `missing_exposure_country_codes`; see the table description for context.,source-specific,Blank cells denote unavailable or not-applicable values.,6,ASM;CHN;GUM;HKG;KOR;MAC;MNP;MYS;NCL;NRU;NZL;PRK;PYF;TWN
data/aggregates/region_exposure_marginals.csv,coverage_note,sc:Text,Released analysis column `coverage_note`; see the table description for context.,source-specific,Blank cells denote unavailable or not-applicable values.,7,24 of 38 World Bank economies covered by measured exposure
data/aggregates/income_exposure_marginals.csv,income_group,sc:Text,World Bank income group classification.,categorical text,Missing for economies outside the World Bank classification file.,4,Low income
data/aggregates/income_exposure_marginals.csv,n_countries,sc:Integer,Number of countries included in a table cell or model.,count,No missing values unless row is not country-count based.,4,17
data/aggregates/income_exposure_marginals.csv,macro_exposure,sc:Float,Simple country-average exposure for a group.,unitless share-like score,Missing for empty World Bank group cells.,4,0.2006941176470588
data/aggregates/income_exposure_marginals.csv,labor_force_weighted_exposure,sc:Float,Exposure averaged across countries using measured employment as weights.,unitless share-like score,Missing for empty World Bank group cells.,4,0.1904415286314627
data/aggregates/income_exposure_marginals.csv,total_employment_k,sc:Float,Measured total employment represented in the exposure panel.,thousands of workers,No missing values in the main measured exposure panel.,4,127974.6
data/aggregates/income_exposure_marginals.csv,covered_population_2024,sc:Float,Released analysis column `covered_population_2024`; see the table description for context.,source-specific,Blank cells denote unavailable or not-applicable values.,4,486131710.0
data/aggregates/income_exposure_marginals.csv,included_country_codes,sc:Text,Released analysis column `included_country_codes`; see the table description for context.,source-specific,Blank cells denote unavailable or not-applicable values.,4,AFG;BDI;BFA;COD;GMB;GNB;MDG;MLI;MOZ;MWI;NER;RWA;SDN;SLE;SOM;TGO;UGA
data/aggregates/income_exposure_marginals.csv,n_wb_economies,sc:Integer,Released analysis column `n_wb_economies`; see the table description for context.,source-specific,Blank cells denote unavailable or not-applicable values.,4,25
data/aggregates/income_exposure_marginals.csv,wb_population_2024,sc:Float,Released analysis column `wb_population_2024`; see the table description for context.,source-specific,Blank cells denote unavailable or not-applicable values.,4,624608098.0
data/aggregates/income_exposure_marginals.csv,country_coverage_share,sc:Float,Released analysis column `country_coverage_share`; see the table description for context.,source-specific,Blank cells denote unavailable or not-applicable values.,4,0.68
data/aggregates/income_exposure_marginals.csv,population_coverage_share_2024,sc:Float,Released analysis column `population_coverage_share_2024`; see the table description for context.,source-specific,Blank cells denote unavailable or not-applicable values.,4,0.7782987629468743
data/aggregates/income_exposure_marginals.csv,missing_exposure_country_codes,sc:Text,Released analysis column `missing_exposure_country_codes`; see the table description for context.,source-specific,Blank cells denote unavailable or not-applicable values.,4,CAF;ERI;LBR;PRK;SSD;SYR;TCD;YEM
data/aggregates/income_exposure_marginals.csv,coverage_note,sc:Text,Released analysis column `coverage_note`; see the table description for context.,source-specific,Blank cells denote unavailable or not-applicable values.,4,17 of 25 World Bank economies covered by measured exposure
data/aggregates/wb_group_exposure_exclusions.csv,country_code,sc:Text,ISO-3 country or economy code.,ISO-3 text code,Missing only where a row is not country-specific.,6,ETH
data/aggregates/wb_group_exposure_exclusions.csv,country_name,sc:Text,Country or economy name used in the analysis.,text,Missing only where a row is not country-specific.,6,Ethiopia
data/aggregates/wb_group_exposure_exclusions.csv,weighted_exposure,sc:Float,National AI exposure score computed from occupational employment shares and ISCO exposure scores.,unitless share-like score,No missing values in the main measured exposure panel.,6,0.1767
data/aggregates/wb_group_exposure_exclusions.csv,total_employment_k,sc:Float,Measured total employment represented in the exposure panel.,thousands of workers,No missing values in the main measured exposure panel.,6,36491.5
data/aggregates/wb_group_exposure_exclusions.csv,wb_country_code,sc:Text,Released analysis column `wb_country_code`; see the table description for context.,source-specific,Blank cells denote unavailable or not-applicable values.,1,ETH
data/aggregates/wb_group_exposure_exclusions.csv,wb_name,sc:Text,Released analysis column `wb_name`; see the table description for context.,source-specific,Blank cells denote unavailable or not-applicable values.,1,Ethiopia
data/aggregates/wb_group_exposure_exclusions.csv,region,sc:Text,World Bank region classification.,categorical text,Missing for economies outside the World Bank classification file.,1,Sub-Saharan Africa
data/aggregates/wb_group_exposure_exclusions.csv,income_group,sc:Float,World Bank income group classification.,categorical text,Missing for economies outside the World Bank classification file.,0,
data/aggregates/wb_group_exposure_exclusions.csv,population_2024,sc:Float,Released analysis column `population_2024`; see the table description for context.,source-specific,Blank cells denote unavailable or not-applicable values.,1,132059767.0
data/aggregates/wb_group_exposure_exclusions.csv,exclusion_reason,sc:Text,Released analysis column `exclusion_reason`; see the table description for context.,source-specific,Blank cells denote unavailable or not-applicable values.,6,missing_world_bank_income_group
data/aggregates/national_exposure_map_data.csv,country_code,sc:Text,ISO-3 country or economy code.,ISO-3 text code,Missing only where a row is not country-specific.,141,LUX
data/aggregates/national_exposure_map_data.csv,country_name,sc:Text,Country or economy name used in the analysis.,text,Missing only where a row is not country-specific.,141,Luxembourg
data/aggregates/national_exposure_map_data.csv,weighted_exposure,sc:Float,National AI exposure score computed from occupational employment shares and ISCO exposure scores.,unitless share-like score,No missing values in the main measured exposure panel.,141,0.3715
data/aggregates/national_exposure_map_data.csv,total_employment_k,sc:Float,Measured total employment represented in the exposure panel.,thousands of workers,No missing values in the main measured exposure panel.,141,315.2
data/aggregates/national_exposure_map_data.csv,wb_country_code,sc:Text,Released analysis column `wb_country_code`; see the table description for context.,source-specific,Blank cells denote unavailable or not-applicable values.,136,LUX
data/aggregates/national_exposure_map_data.csv,wb_name,sc:Text,Released analysis column `wb_name`; see the table description for context.,source-specific,Blank cells denote unavailable or not-applicable values.,136,Luxembourg
data/aggregates/national_exposure_map_data.csv,region,sc:Text,World Bank region classification.,categorical text,Missing for economies outside the World Bank classification file.,136,Europe & Central Asia
data/aggregates/national_exposure_map_data.csv,income_group,sc:Text,World Bank income group classification.,categorical text,Missing for economies outside the World Bank classification file.,135,High income
data/aggregates/national_exposure_map_data.csv,population_2024,sc:Float,Released analysis column `population_2024`; see the table description for context.,source-specific,Blank cells denote unavailable or not-applicable values.,136,677012.0
data/coverage/sample_coverage_summary.csv,status,sc:Text,Released analysis column `status`; see the table description for context.,source-specific,Blank cells denote unavailable or not-applicable values.,5,Included in baseline sample (medium/high reliability)
data/coverage/sample_coverage_summary.csv,n_countries,sc:Integer,Number of countries included in a table cell or model.,count,No missing values unless row is not country-count based.,5,141
data/coverage/country_exclusion_lists.csv,reason,sc:Text,Released analysis column `reason`; see the table description for context.,source-specific,Blank cells denote unavailable or not-applicable values.,4,Low reliability
data/coverage/country_exclusion_lists.csv,countries,sc:Text,Released analysis column `countries`; see the table description for context.,source-specific,Blank cells denote unavailable or not-applicable values.,4,Grenada; Liberia; Nigeria; Nauru; Senegal; Seychelles
data/paper_tables/structural_baseline_metrics.csv,specification,sc:Text,Released analysis column `specification`; see the table description for context.,source-specific,Blank cells denote unavailable or not-applicable values.,4,White-collar share only
data/paper_tables/structural_baseline_metrics.csv,r_squared,sc:Float,Released analysis column `r_squared`; see the table description for context.,source-specific,Blank cells denote unavailable or not-applicable values.,4,0.9081295640371688
data/paper_tables/structural_baseline_metrics.csv,note,sc:Text,Released analysis column `note`; see the table description for context.,source-specific,Blank cells denote unavailable or not-applicable values.,4,Baseline fit of broad WC share.
data/paper_tables/cross_country_labor_composition.csv,ref_area,sc:Text,Released analysis column `ref_area`; see the table description for context.,source-specific,Blank cells denote unavailable or not-applicable values.,5,USA
data/paper_tables/cross_country_labor_composition.csv,Country,sc:Text,Released analysis column `Country`; see the table description for context.,source-specific,Blank cells denote unavailable or not-applicable values.,5,United States
data/paper_tables/cross_country_labor_composition.csv,Office and knowledge work (ISCO 1--4),sc:Float,Released analysis column `Office and knowledge work (ISCO 1--4)`; see the table description for context.,source-specific,Blank cells denote unavailable or not-applicable values.,5,60.7
data/paper_tables/cross_country_labor_composition.csv,Services and sales (ISCO 5),sc:Float,Released analysis column `Services and sales (ISCO 5)`; see the table description for context.,source-specific,Blank cells denote unavailable or not-applicable values.,5,14.7
data/paper_tables/cross_country_labor_composition.csv,Agriculture (ISCO 6),sc:Float,Released analysis column `Agriculture (ISCO 6)`; see the table description for context.,source-specific,Blank cells denote unavailable or not-applicable values.,5,0.4
data/paper_tables/cross_country_labor_composition.csv,"Production, operators, and elementary work (ISCO 7--9)",sc:Float,"Released analysis column `Production, operators, and elementary work (ISCO 7--9)`; see the table description for context.",source-specific,Blank cells denote unavailable or not-applicable values.,5,24.1
data/paper_tables/validation_stack_compact.csv,panel,sc:Text,Released analysis column `panel`; see the table description for context.,source-specific,Blank cells denote unavailable or not-applicable values.,3,Anthropic refresh
data/paper_tables/validation_stack_compact.csv,label,sc:Text,Released analysis column `label`; see the table description for context.,source-specific,Blank cells denote unavailable or not-applicable values.,3,Pinned vs latest rank
data/paper_tables/validation_stack_compact.csv,stat,sc:Float,Released analysis column `stat`; see the table description for context.,source-specific,Blank cells denote unavailable or not-applicable values.,3,0.9731060557947728
data/paper_tables/validation_stack_compact.csv,n_overlap,sc:Integer,Released analysis column `n_overlap`; see the table description for context.,source-specific,Blank cells denote unavailable or not-applicable values.,3,162
data/paper_tables/validation_stack_compact.csv,aux,sc:Text,Released analysis column `aux`; see the table description for context.,source-specific,Blank cells denote unavailable or not-applicable values.,3,top-20 overlap=18/20
data/paper_tables/gmyrek_hierarchy_summary.csv,level,sc:Text,Released analysis column `level`; see the table description for context.,source-specific,Blank cells denote unavailable or not-applicable values.,4,Task-by-occupation estimates in Gmyrek workbook
data/paper_tables/gmyrek_hierarchy_summary.csv,n_estimates,sc:Integer,Released analysis column `n_estimates`; see the table description for context.,source-specific,Blank cells denote unavailable or not-applicable values.,4,3265
data/paper_tables/gmyrek_hierarchy_summary.csv,construction,sc:Text,Released analysis column `construction`; see the table description for context.,source-specific,Blank cells denote unavailable or not-applicable values.,4,score_2025 assigned to each task row within a 4-digit ISCO-08 occupation
data/paper_tables/gmyrek_hierarchy_summary.csv,used_for,sc:Text,Released analysis column `used_for`; see the table description for context.,source-specific,Blank cells denote unavailable or not-applicable values.,4,Raw exposure source layer
data/indirect/remittance_corridor_evidence.csv,receiver_code,sc:Text,Released analysis column `receiver_code`; see the table description for context.,source-specific,Blank cells denote unavailable or not-applicable values.,6,TJK
data/indirect/remittance_corridor_evidence.csv,receiver_name,sc:Text,Released analysis column `receiver_name`; see the table description for context.,source-specific,Blank cells denote unavailable or not-applicable values.,6,Tajikistan
data/indirect/remittance_corridor_evidence.csv,sender_code,sc:Text,Released analysis column `sender_code`; see the table description for context.,source-specific,Blank cells denote unavailable or not-applicable values.,6,RUS
data/indirect/remittance_corridor_evidence.csv,sender_name,sc:Text,Released analysis column `sender_name`; see the table description for context.,source-specific,Blank cells denote unavailable or not-applicable values.,6,Russian Federation
data/indirect/remittance_corridor_evidence.csv,matrix_year,sc:Integer,Released analysis column `matrix_year`; see the table description for context.,source-specific,Blank cells denote unavailable or not-applicable values.,6,2021
data/indirect/remittance_corridor_evidence.csv,sender_inflow_m,sc:Float,Measured bilateral remittance inflow from sender to receiver.,current US$ millions,Only reported for selected evidence corridors.,6,2307.0
data/indirect/remittance_corridor_evidence.csv,total_bilateral_inflow_m,sc:Float,Released analysis column `total_bilateral_inflow_m`; see the table description for context.,source-specific,Blank cells denote unavailable or not-applicable values.,6,2922.0
data/indirect/remittance_corridor_evidence.csv,sender_share_inflow,sc:Float,Sender corridor share of total measured bilateral inflow for the receiver.,proportion,Only reported for selected evidence corridors.,6,0.7895277207392197
data/indirect/remittance_corridor_evidence.csv,receiver_direct_exposure,sc:Float,Released analysis column `receiver_direct_exposure`; see the table description for context.,source-specific,Blank cells denote unavailable or not-applicable values.,6,0.2216
data/indirect/remittance_corridor_evidence.csv,receiver_remittance_accounted_exposure,sc:Float,Released analysis column `receiver_remittance_accounted_exposure`; see the table description for context.,source-specific,Blank cells denote unavailable or not-applicable values.,6,0.3001030086498684
data/indirect/remittance_corridor_evidence.csv,receiver_remittance_pct_gdp,sc:Float,Released analysis column `receiver_remittance_pct_gdp`; see the table description for context.,source-specific,Blank cells denote unavailable or not-applicable values.,6,47.8852
data/indirect/remittance_corridor_evidence.csv,receiver_remittance_pct_gdp_year,sc:Integer,Released analysis column `receiver_remittance_pct_gdp_year`; see the table description for context.,source-specific,Blank cells denote unavailable or not-applicable values.,6,2024
data/indirect/remittance_corridor_evidence.csv,receiver_personal_remittances_2024_usd,sc:Float,Released analysis column `receiver_personal_remittances_2024_usd`; see the table description for context.,source-specific,Blank cells denote unavailable or not-applicable values.,6,6801890973.46099
data/indirect/remittance_corridor_evidence.csv,sender_direct_exposure,sc:Float,Released analysis column `sender_direct_exposure`; see the table description for context.,source-specific,Blank cells denote unavailable or not-applicable values.,6,0.2982
data/indirect/remittance_corridor_evidence.csv,sender_direct_exposure_percentile,sc:Float,Released analysis column `sender_direct_exposure_percentile`; see the table description for context.,source-specific,Blank cells denote unavailable or not-applicable values.,6,75.177304964539
data/indirect/remittance_corridor_evidence.csv,source_note,sc:Text,Released analysis column `source_note`; see the table description for context.,source-specific,Blank cells denote unavailable or not-applicable values.,6,KNOMAD WB.KNOMAD.BRE 2021 bilateral matrix; World Bank WDI BX.TRF.PWKR.CD.DT and BX.TRF.PWKR.DT.GD.ZS for 2024 remittance totals/shares where available.
data/validation/exposure_predictor_country_panel.csv,country_code,sc:Text,ISO-3 country or economy code.,ISO-3 text code,Missing only where a row is not country-specific.,141,AFG
data/validation/exposure_predictor_country_panel.csv,country_name,sc:Text,Country or economy name used in the analysis.,text,Missing only where a row is not country-specific.,141,Afghanistan
data/validation/exposure_predictor_country_panel.csv,weighted_exposure,sc:Float,National AI exposure score computed from occupational employment shares and ISCO exposure scores.,unitless share-like score,No missing values in the main measured exposure panel.,141,0.1893
data/validation/exposure_predictor_country_panel.csv,wc_share,sc:Float,Share of employment in the project's baseline white-collar occupation grouping.,proportion,No missing values where occupation composition is measured.,141,0.08697744309187
data/validation/exposure_predictor_country_panel.csv,gni_ppp,sc:Float,"World Bank GNI per capita, PPP-adjusted.",current international dollars,Missing when WDI GNI PPP is unavailable.,135,2210.0
data/validation/exposure_predictor_country_panel.csv,log_gni,sc:Float,Natural logarithm of World Bank GNI per capita PPP used in descriptive regressions.,log current international dollars,Missing when GNI PPP is unavailable or non-positive.,135,7.700747794511798
data/validation/exposure_predictor_country_panel.csv,internet_pct,sc:Float,World Bank internet users as a share of population.,percent of population,Missing when internet-use data are unavailable.,130,17.7089
data/validation/exposure_predictor_country_panel.csv,internet_share,sc:Float,"World Bank internet users as a share of population, rescaled to 0-1.",proportion,Missing when internet-use data are unavailable.,130,0.177089
data/validation/exposure_predictor_country_panel.csv,cmp_national,sc:Float,National cognitive-minus-physical task-structure score aggregated from O*NET/ISCO occupational properties.,unitless score,Missing when the country lacks the required occupation-composition inputs.,134,0.1407502398009719
data/robustness/alternative_exposure_summary.csv,measure,sc:Text,Released analysis column `measure`; see the table description for context.,source-specific,Blank cells denote unavailable or not-applicable values.,2,Eloundou et al. LLM-task exposure
data/robustness/alternative_exposure_summary.csv,source_key,sc:Text,Short key identifying the adoption/usage source.,categorical text,No missing values in validation rows.,2,eloundou
data/robustness/alternative_exposure_summary.csv,occupation_metric,sc:Text,Released analysis column `occupation_metric`; see the table description for context.,source-specific,Blank cells denote unavailable or not-applicable values.,2,pearson
data/robustness/alternative_exposure_summary.csv,occupation_n,sc:Integer,Released analysis column `occupation_n`; see the table description for context.,source-specific,Blank cells denote unavailable or not-applicable values.,2,40
data/robustness/alternative_exposure_summary.csv,occupation_correlation,sc:Float,Released analysis column `occupation_correlation`; see the table description for context.,source-specific,Blank cells denote unavailable or not-applicable values.,2,0.9535477418170476
data/robustness/alternative_exposure_summary.csv,national_metric,sc:Text,Released analysis column `national_metric`; see the table description for context.,source-specific,Blank cells denote unavailable or not-applicable values.,2,spearman
data/robustness/alternative_exposure_summary.csv,national_n,sc:Integer,Released analysis column `national_n`; see the table description for context.,source-specific,Blank cells denote unavailable or not-applicable values.,2,131
data/robustness/alternative_exposure_summary.csv,national_correlation,sc:Float,Released analysis column `national_correlation`; see the table description for context.,source-specific,Blank cells denote unavailable or not-applicable values.,2,0.9928027790720912
data/robustness/alternative_exposure_summary.csv,released_vectors,sc:Boolean,Released analysis column `released_vectors`; see the table description for context.,source-specific,Blank cells denote unavailable or not-applicable values.,2,True
data/robustness/alternative_exposure_summary.csv,note,sc:Text,Released analysis column `note`; see the table description for context.,source-specific,Blank cells denote unavailable or not-applicable values.,2,ISCO-level and national Eloundou comparison vectors are released under the OpenAI GPTs-are-GPTs MIT license.
data/mechanisms/gender_decomposition_summary.csv,component_set,sc:Text,Released analysis column `component_set`; see the table description for context.,source-specific,Blank cells denote unavailable or not-applicable values.,2,white_collar
data/mechanisms/gender_decomposition_summary.csv,label,sc:Text,Released analysis column `label`; see the table description for context.,source-specific,Blank cells denote unavailable or not-applicable values.,2,White-collar share
data/mechanisms/gender_decomposition_summary.csv,n_countries,sc:Integer,Number of countries included in a table cell or model.,count,No missing values unless row is not country-count based.,2,134
data/mechanisms/gender_decomposition_summary.csv,actual_column,sc:Text,Released analysis column `actual_column`; see the table description for context.,source-specific,Blank cells denote unavailable or not-applicable values.,2,gender_gap
data/mechanisms/gender_decomposition_summary.csv,predicted_column,sc:Text,Released analysis column `predicted_column`; see the table description for context.,source-specific,Blank cells denote unavailable or not-applicable values.,2,predicted_gg
data/mechanisms/gender_decomposition_summary.csv,r2,sc:Float,In-sample R-squared from descriptive OLS specification.,proportion,No missing values in regression summary rows.,2,0.5026483894613671
data/mechanisms/gender_decomposition_summary.csv,source_table,sc:Text,Released analysis column `source_table`; see the table description for context.,source-specific,Blank cells denote unavailable or not-applicable values.,2,data/mechanisms/gender_wc_decomposition.csv
data/mechanisms/gender_decomposition_summary.csv,note,sc:Text,Released analysis column `note`; see the table description for context.,source-specific,Blank cells denote unavailable or not-applicable values.,2,Share of measured gender-gap variation explained by country differences in male and female white-collar shares.
data/validation/openai_rank_quintile_summary.csv,group,sc:Text,Released analysis column `group`; see the table description for context.,source-specific,Blank cells denote unavailable or not-applicable values.,2,top_exposure_quintile
data/validation/openai_rank_quintile_summary.csv,n_countries,sc:Integer,Number of countries included in a table cell or model.,count,No missing values unless row is not country-count based.,2,18
data/validation/openai_rank_quintile_summary.csv,matched_openai_country_count,sc:Integer,Released analysis column `matched_openai_country_count`; see the table description for context.,source-specific,Blank cells denote unavailable or not-applicable values.,2,88
data/validation/openai_rank_quintile_summary.csv,mean_exposure_rank_percentile_zero_top,sc:Float,Released analysis column `mean_exposure_rank_percentile_zero_top`; see the table description for context.,source-specific,Blank cells denote unavailable or not-applicable values.,2,9.770114942528735
data/validation/openai_rank_quintile_summary.csv,mean_openai_rank_percentile_zero_top,sc:Float,Released analysis column `mean_openai_rank_percentile_zero_top`; see the table description for context.,source-specific,Blank cells denote unavailable or not-applicable values.,2,13.537675606641123
data/validation/openai_rank_quintile_summary.csv,best_openai_rank_in_group,sc:Integer,Released analysis column `best_openai_rank_in_group`; see the table description for context.,source-specific,Blank cells denote unavailable or not-applicable values.,2,1
data/validation/openai_rank_quintile_summary.csv,worst_openai_rank_in_group,sc:Integer,Released analysis column `worst_openai_rank_in_group`; see the table description for context.,source-specific,Blank cells denote unavailable or not-applicable values.,2,34
data/validation/openai_rank_quintile_summary.csv,worst_openai_rank_percentile_zero_top,sc:Float,Released analysis column `worst_openai_rank_percentile_zero_top`; see the table description for context.,source-specific,Blank cells denote unavailable or not-applicable values.,2,37.93103448275862
data/validation/openai_rank_quintile_summary.csv,mean_openai_source_percentile,sc:Float,Released analysis column `mean_openai_source_percentile`; see the table description for context.,source-specific,Blank cells denote unavailable or not-applicable values.,2,0.878917378917379
data/validation/openai_rank_quintile_summary.csv,country_codes,sc:Text,Released analysis column `country_codes`; see the table description for context.,source-specific,Blank cells denote unavailable or not-applicable values.,2,SGP;NLD;CHE;SWE;ISR;DEU;IRL;GBR;DNK;BEL;USA;AUS;AUT;NOR;FRA;POL;JPN;GRC
data/validation/openai_rank_quintile_summary.csv,note,sc:Text,Released analysis column `note`; see the table description for context.,source-specific,Blank cells denote unavailable or not-applicable values.,2,Rank percentiles are computed within the 88-country complete-case OpenAI matched sample; 0 is highest-ranked and 100 is lowest-ranked.
